Title,Description,Category,Price,Stock,Active,PhotoUrl
Company Hoodie,Soft fleece hoodie with the embroidered company logo.,Apparel,120,25,Yes,
Logo T-Shirt,100% cotton crew-neck tee.,Apparel,50,60,Yes,
Baseball Cap,Adjustable cap with stitched logo.,Apparel,40,40,Yes,
Insulated Water Bottle,"Keeps drinks cold for 24h, hot for 12h.",Drinkware,45,50,Yes,
Ceramic Mug,"350ml mug, dishwasher safe.",Drinkware,25,80,Yes,
Laptop Backpack,"Fits 16"" laptops, water resistant.",Bags,150,15,Yes,
Tote Bag,Reusable canvas tote.,Bags,20,100,Yes,
Notebook & Pen Set,A5 hardcover notebook with a matching pen.,Stationery,30,70,Yes,
Wireless Earbuds,Bluetooth earbuds with charging case.,Tech,300,10,Yes,
Desk Plant,Low-maintenance succulent in a branded pot.,Desk,35,30,Yes,
